序号,链接,节点数
0,https://HD8wKM.absslk.xyz/6e8ba9b0e773e5c19e5df46a55b41d26,0
1,https://gist.githubusercontent.com/peasoft/40b87245630092f30cc98af61190b4e2/raw/,10
2,https://pai.yt/clash,0
3,https://raw.githubusercontent.com/Huibq/TrojanLinks/master/links/vmess,0
4,https://raw.githubusercontent.com/Surfboardv2ray/TGParse/main/python/hy2,1
5,https://raw.githubusercontent.com/Surfboardv2ray/TGParse/main/python/hysteria2,49
6,https://raw.githubusercontent.com/ripaojiedian/freenode/main/clash,15
7,https://raw.githubusercontent.com/ripaojiedian/freenode/main/sub,15
8,https://raw.githubusercontent.com/shaoyouvip/free/refs/heads/main/all.yaml,52
9,https://raw.githubusercontent.com/zhangkaiitugithub/passcro/main/speednodes.yaml,43

总计,,144
